stat_id,video_id,views,likes,dislikes,comments,watch_time_min,stat_date,title,category,upload_date,duration_sec,view_id,sub_id,watch_date,watch_duration,join_date,gender,country
1,19,6496,1082,3,895,3828,2025-07-09,Video 19,Education,2025-05-13,344,10,90,2025-07-09,645,2024-12-10,Other,India
1,19,6496,1082,3,895,3828,2025-07-09,Video 19,Education,2025-05-13,344,19,69,2025-07-09,280,2024-10-14,Female,UK
1,19,6496,1082,3,895,3828,2025-07-09,Video 19,Education,2025-05-13,344,48,56,2025-07-09,820,2025-01-03,Female,Germany
1,19,6496,1082,3,895,3828,2025-07-09,Video 19,Education,2025-05-13,344,115,46,2025-07-09,294,2024-09-02,Other,UK
1,19,6496,1082,3,895,3828,2025-07-09,Video 19,Education,2025-05-13,344,117,59,2025-07-09,609,2025-06-22,Other,Canada
1,19,6496,1082,3,895,3828,2025-07-09,Video 19,Education,2025-05-13,344,145,38,2025-07-09,332,2024-07-23,Female,Germany
1,19,6496,1082,3,895,3828,2025-07-09,Video 19,Education,2025-05-13,344,146,30,2025-07-09,268,2025-06-03,Female,India
1,19,6496,1082,3,895,3828,2025-07-09,Video 19,Education,2025-05-13,344,184,7,2025-07-09,255,2025-01-26,Female,India
1,19,6496,1082,3,895,3828,2025-07-09,Video 19,Education,2025-05-13,344,196,77,2025-07-09,482,2024-08-24,Other,USA
1,19,6496,1082,3,895,3828,2025-07-09,Video 19,Education,2025-05-13,344,199,100,2025-07-09,862,2025-05-13,Male,USA
2,19,4445,2467,341,416,3752,2025-07-09,Video 19,Education,2025-05-13,344,10,90,2025-07-09,645,2024-12-10,Other,India
2,19,4445,2467,341,416,3752,2025-07-09,Video 19,Education,2025-05-13,344,19,69,2025-07-09,280,2024-10-14,Female,UK
2,19,4445,2467,341,416,3752,2025-07-09,Video 19,Education,2025-05-13,344,48,56,2025-07-09,820,2025-01-03,Female,Germany
2,19,4445,2467,341,416,3752,2025-07-09,Video 19,Education,2025-05-13,344,115,46,2025-07-09,294,2024-09-02,Other,UK
2,19,4445,2467,341,416,3752,2025-07-09,Video 19,Education,2025-05-13,344,117,59,2025-07-09,609,2025-06-22,Other,Canada
2,19,4445,2467,341,416,3752,2025-07-09,Video 19,Education,2025-05-13,344,145,38,2025-07-09,332,2024-07-23,Female,Germany
2,19,4445,2467,341,416,3752,2025-07-09,Video 19,Education,2025-05-13,344,146,30,2025-07-09,268,2025-06-03,Female,India
2,19,4445,2467,341,416,3752,2025-07-09,Video 19,Education,2025-05-13,344,184,7,2025-07-09,255,2025-01-26,Female,India
2,19,4445,2467,341,416,3752,2025-07-09,Video 19,Education,2025-05-13,344,196,77,2025-07-09,482,2024-08-24,Other,USA
2,19,4445,2467,341,416,3752,2025-07-09,Video 19,Education,2025-05-13,344,199,100,2025-07-09,862,2025-05-13,Male,USA
3,16,7554,3755,789,997,487,2025-07-09,Video 16,Tech,2025-03-01,774,27,2,2025-07-09,170,2025-06-23,Female,India
3,16,7554,3755,789,997,487,2025-07-09,Video 16,Tech,2025-03-01,774,43,79,2025-07-09,82,2025-05-10,Female,UK
3,16,7554,3755,789,997,487,2025-07-09,Video 16,Tech,2025-03-01,774,51,35,2025-07-09,687,2025-04-13,Female,USA
3,16,7554,3755,789,997,487,2025-07-09,Video 16,Tech,2025-03-01,774,80,67,2025-07-09,288,2025-01-05,Male,Germany
3,16,7554,3755,789,997,487,2025-07-09,Video 16,Tech,2025-03-01,774,86,63,2025-07-09,622,2025-02-27,Other,Germany
3,16,7554,3755,789,997,487,2025-07-09,Video 16,Tech,2025-03-01,774,119,40,2025-07-09,660,2025-03-01,Female,India
3,16,7554,3755,789,997,487,2025-07-09,Video 16,Tech,2025-03-01,774,129,98,2025-07-09,117,2024-11-16,Other,USA
3,16,7554,3755,789,997,487,2025-07-09,Video 16,Tech,2025-03-01,774,133,28,2025-07-09,431,2024-08-15,Other,USA
3,16,7554,3755,789,997,487,2025-07-09,Video 16,Tech,2025-03-01,774,166,74,2025-07-09,520,2024-07-17,Other,Canada
3,16,7554,3755,789,997,487,2025-07-09,Video 16,Tech,2025-03-01,774,182,81,2025-07-09,633,2025-03-03,Female,Germany
4,8,4773,2600,133,635,3264,2025-07-09,Video 8,Music,2024-11-20,519,35,91,2025-07-09,43,2025-04-23,Other,India
4,8,4773,2600,133,635,3264,2025-07-09,Video 8,Music,2024-11-20,519,37,56,2025-07-09,305,2025-01-03,Female,Germany
4,8,4773,2600,133,635,3264,2025-07-09,Video 8,Music,2024-11-20,519,42,35,2025-07-09,474,2025-04-13,Female,USA
4,8,4773,2600,133,635,3264,2025-07-09,Video 8,Music,2024-11-20,519,53,32,2025-07-09,212,2025-06-14,Male,Germany
4,8,4773,2600,133,635,3264,2025-07-09,Video 8,Music,2024-11-20,519,58,97,2025-07-09,673,2025-06-23,Male,Canada
4,8,4773,2600,133,635,3264,2025-07-09,Video 8,Music,2024-11-20,519,64,44,2025-07-09,71,2025-03-03,Female,India
4,8,4773,2600,133,635,3264,2025-07-09,Video 8,Music,2024-11-20,519,83,31,2025-07-09,515,2025-02-15,Male,UK
4,8,4773,2600,133,635,3264,2025-07-09,Video 8,Music,2024-11-20,519,87,72,2025-07-09,50,2025-01-17,Male,Canada
4,8,4773,2600,133,635,3264,2025-07-09,Video 8,Music,2024-11-20,519,92,83,2025-07-09,266,2025-05-20,Female,USA
4,8,4773,2600,133,635,3264,2025-07-09,Video 8,Music,2024-11-20,519,100,52,2025-07-09,611,2025-03-29,Other,India
4,8,4773,2600,133,635,3264,2025-07-09,Video 8,Music,2024-11-20,519,128,69,2025-07-09,696,2024-10-14,Female,UK
4,8,4773,2600,133,635,3264,2025-07-09,Video 8,Music,2024-11-20,519,130,89,2025-07-09,888,2024-09-19,Female,USA
4,8,4773,2600,133,635,3264,2025-07-09,Video 8,Music,2024-11-20,519,171,44,2025-07-09,218,2025-03-03,Female,India
4,8,4773,2600,133,635,3264,2025-07-09,Video 8,Music,2024-11-20,519,175,62,2025-07-09,304,2025-01-06,Male,UK
4,8,4773,2600,133,635,3264,2025-07-09,Video 8,Music,2024-11-20,519,180,10,2025-07-09,39,2025-03-22,Female,Germany
5,16,7030,604,652,767,6628,2025-07-09,Video 16,Tech,2025-03-01,774,27,2,2025-07-09,170,2025-06-23,Female,India
5,16,7030,604,652,767,6628,2025-07-09,Video 16,Tech,2025-03-01,774,43,79,2025-07-09,82,2025-05-10,Female,UK
5,16,7030,604,652,767,6628,2025-07-09,Video 16,Tech,2025-03-01,774,51,35,2025-07-09,687,2025-04-13,Female,USA
5,16,7030,604,652,767,6628,2025-07-09,Video 16,Tech,2025-03-01,774,80,67,2025-07-09,288,2025-01-05,Male,Germany
5,16,7030,604,652,767,6628,2025-07-09,Video 16,Tech,2025-03-01,774,86,63,2025-07-09,622,2025-02-27,Other,Germany
5,16,7030,604,652,767,6628,2025-07-09,Video 16,Tech,2025-03-01,774,119,40,2025-07-09,660,2025-03-01,Female,India
5,16,7030,604,652,767,6628,2025-07-09,Video 16,Tech,2025-03-01,774,129,98,2025-07-09,117,2024-11-16,Other,USA
5,16,7030,604,652,767,6628,2025-07-09,Video 16,Tech,2025-03-01,774,133,28,2025-07-09,431,2024-08-15,Other,USA
5,16,7030,604,652,767,6628,2025-07-09,Video 16,Tech,2025-03-01,774,166,74,2025-07-09,520,2024-07-17,Other,Canada
5,16,7030,604,652,767,6628,2025-07-09,Video 16,Tech,2025-03-01,774,182,81,2025-07-09,633,2025-03-03,Female,Germany
6,14,9205,86,268,158,5478,2025-07-09,Video 14,Education,2024-08-13,885,6,89,2025-07-09,612,2024-09-19,Female,USA
6,14,9205,86,268,158,5478,2025-07-09,Video 14,Education,2024-08-13,885,18,45,2025-07-09,226,2024-08-08,Other,India
6,14,9205,86,268,158,5478,2025-07-09,Video 14,Education,2024-08-13,885,47,60,2025-07-09,816,2024-07-27,Other,Germany
6,14,9205,86,268,158,5478,2025-07-09,Video 14,Education,2024-08-13,885,57,32,2025-07-09,240,2025-06-14,Male,Germany
6,14,9205,86,268,158,5478,2025-07-09,Video 14,Education,2024-08-13,885,76,90,2025-07-09,715,2024-12-10,Other,India
6,14,9205,86,268,158,5478,2025-07-09,Video 14,Education,2024-08-13,885,105,75,2025-07-09,285,2025-03-17,Female,India
6,14,9205,86,268,158,5478,2025-07-09,Video 14,Education,2024-08-13,885,106,48,2025-07-09,600,2024-11-02,Male,USA
6,14,9205,86,268,158,5478,2025-07-09,Video 14,Education,2024-08-13,885,110,45,2025-07-09,189,2024-08-08,Other,India
6,14,9205,86,268,158,5478,2025-07-09,Video 14,Education,2024-08-13,885,113,71,2025-07-09,677,2025-03-29,Male,UK
6,14,9205,86,268,158,5478,2025-07-09,Video 14,Education,2024-08-13,885,124,25,2025-07-09,366,2024-08-25,Other,India
6,14,9205,86,268,158,5478,2025-07-09,Video 14,Education,2024-08-13,885,132,25,2025-07-09,347,2024-08-25,Other,India
6,14,9205,86,268,158,5478,2025-07-09,Video 14,Education,2024-08-13,885,149,39,2025-07-09,801,2025-03-07,Male,Germany
6,14,9205,86,268,158,5478,2025-07-09,Video 14,Education,2024-08-13,885,163,63,2025-07-09,380,2025-02-27,Other,Germany
7,7,8073,3764,165,947,4664,2025-07-09,Video 7,Education,2024-08-14,285,5,76,2025-07-09,890,2024-11-17,Male,USA
7,7,8073,3764,165,947,4664,2025-07-09,Video 7,Education,2024-08-14,285,17,6,2025-07-09,650,2024-10-22,Male,Germany
7,7,8073,3764,165,947,4664,2025-07-09,Video 7,Education,2024-08-14,285,25,83,2025-07-09,575,2025-05-20,Female,USA
7,7,8073,3764,165,947,4664,2025-07-09,Video 7,Education,2024-08-14,285,38,23,2025-07-09,733,2025-04-14,Other,USA
7,7,8073,3764,165,947,4664,2025-07-09,Video 7,Education,2024-08-14,285,49,94,2025-07-09,650,2024-12-03,Female,Germany
7,7,8073,3764,165,947,4664,2025-07-09,Video 7,Education,2024-08-14,285,103,40,2025-07-09,698,2025-03-01,Female,India
7,7,8073,3764,165,947,4664,2025-07-09,Video 7,Education,2024-08-14,285,112,96,2025-07-09,541,2025-03-03,Male,UK
7,7,8073,3764,165,947,4664,2025-07-09,Video 7,Education,2024-08-14,285,157,71,2025-07-09,565,2025-03-29,Male,UK
7,7,8073,3764,165,947,4664,2025-07-09,Video 7,Education,2024-08-14,285,176,15,2025-07-09,458,2025-03-14,Male,India
7,7,8073,3764,165,947,4664,2025-07-09,Video 7,Education,2024-08-14,285,185,20,2025-07-09,736,2025-04-20,Other,India
8,4,2636,4622,759,952,1237,2025-07-09,Video 4,Tech,2024-07-10,778,56,58,2025-07-09,567,2025-01-11,Female,USA
8,4,2636,4622,759,952,1237,2025-07-09,Video 4,Tech,2024-07-10,778,65,4,2025-07-09,179,2025-02-18,Male,USA
8,4,2636,4622,759,952,1237,2025-07-09,Video 4,Tech,2024-07-10,778,183,88,2025-07-09,828,2025-02-04,Other,India
8,4,2636,4622,759,952,1237,2025-07-09,Video 4,Tech,2024-07-10,778,192,72,2025-07-09,105,2025-01-17,Male,Canada
8,4,2636,4622,759,952,1237,2025-07-09,Video 4,Tech,2024-07-10,778,195,78,2025-07-09,126,2025-02-09,Female,India
9,4,3211,829,452,242,4673,2025-07-09,Video 4,Tech,2024-07-10,778,56,58,2025-07-09,567,2025-01-11,Female,USA
9,4,3211,829,452,242,4673,2025-07-09,Video 4,Tech,2024-07-10,778,65,4,2025-07-09,179,2025-02-18,Male,USA
9,4,3211,829,452,242,4673,2025-07-09,Video 4,Tech,2024-07-10,778,183,88,2025-07-09,828,2025-02-04,Other,India
9,4,3211,829,452,242,4673,2025-07-09,Video 4,Tech,2024-07-10,778,192,72,2025-07-09,105,2025-01-17,Male,Canada
9,4,3211,829,452,242,4673,2025-07-09,Video 4,Tech,2024-07-10,778,195,78,2025-07-09,126,2025-02-09,Female,India
10,14,4961,610,564,885,5853,2025-07-09,Video 14,Education,2024-08-13,885,6,89,2025-07-09,612,2024-09-19,Female,USA
10,14,4961,610,564,885,5853,2025-07-09,Video 14,Education,2024-08-13,885,18,45,2025-07-09,226,2024-08-08,Other,India
10,14,4961,610,564,885,5853,2025-07-09,Video 14,Education,2024-08-13,885,47,60,2025-07-09,816,2024-07-27,Other,Germany
10,14,4961,610,564,885,5853,2025-07-09,Video 14,Education,2024-08-13,885,57,32,2025-07-09,240,2025-06-14,Male,Germany
10,14,4961,610,564,885,5853,2025-07-09,Video 14,Education,2024-08-13,885,76,90,2025-07-09,715,2024-12-10,Other,India
10,14,4961,610,564,885,5853,2025-07-09,Video 14,Education,2024-08-13,885,105,75,2025-07-09,285,2025-03-17,Female,India
10,14,4961,610,564,885,5853,2025-07-09,Video 14,Education,2024-08-13,885,106,48,2025-07-09,600,2024-11-02,Male,USA
10,14,4961,610,564,885,5853,2025-07-09,Video 14,Education,2024-08-13,885,110,45,2025-07-09,189,2024-08-08,Other,India
10,14,4961,610,564,885,5853,2025-07-09,Video 14,Education,2024-08-13,885,113,71,2025-07-09,677,2025-03-29,Male,UK
10,14,4961,610,564,885,5853,2025-07-09,Video 14,Education,2024-08-13,885,124,25,2025-07-09,366,2024-08-25,Other,India
10,14,4961,610,564,885,5853,2025-07-09,Video 14,Education,2024-08-13,885,132,25,2025-07-09,347,2024-08-25,Other,India
10,14,4961,610,564,885,5853,2025-07-09,Video 14,Education,2024-08-13,885,149,39,2025-07-09,801,2025-03-07,Male,Germany
10,14,4961,610,564,885,5853,2025-07-09,Video 14,Education,2024-08-13,885,163,63,2025-07-09,380,2025-02-27,Other,Germany
11,12,3666,4414,722,166,8446,2025-07-09,Video 12,Education,2025-02-04,66,121,30,2025-07-09,513,2025-06-03,Female,India
11,12,3666,4414,722,166,8446,2025-07-09,Video 12,Education,2025-02-04,66,170,57,2025-07-09,62,2024-09-23,Female,USA
11,12,3666,4414,722,166,8446,2025-07-09,Video 12,Education,2025-02-04,66,188,39,2025-07-09,574,2025-03-07,Male,Germany
12,14,1058,1756,437,999,6648,2025-07-09,Video 14,Education,2024-08-13,885,6,89,2025-07-09,612,2024-09-19,Female,USA
12,14,1058,1756,437,999,6648,2025-07-09,Video 14,Education,2024-08-13,885,18,45,2025-07-09,226,2024-08-08,Other,India
12,14,1058,1756,437,999,6648,2025-07-09,Video 14,Education,2024-08-13,885,47,60,2025-07-09,816,2024-07-27,Other,Germany
12,14,1058,1756,437,999,6648,2025-07-09,Video 14,Education,2024-08-13,885,57,32,2025-07-09,240,2025-06-14,Male,Germany
12,14,1058,1756,437,999,6648,2025-07-09,Video 14,Education,2024-08-13,885,76,90,2025-07-09,715,2024-12-10,Other,India
12,14,1058,1756,437,999,6648,2025-07-09,Video 14,Education,2024-08-13,885,105,75,2025-07-09,285,2025-03-17,Female,India
12,14,1058,1756,437,999,6648,2025-07-09,Video 14,Education,2024-08-13,885,106,48,2025-07-09,600,2024-11-02,Male,USA
12,14,1058,1756,437,999,6648,2025-07-09,Video 14,Education,2024-08-13,885,110,45,2025-07-09,189,2024-08-08,Other,India
12,14,1058,1756,437,999,6648,2025-07-09,Video 14,Education,2024-08-13,885,113,71,2025-07-09,677,2025-03-29,Male,UK
12,14,1058,1756,437,999,6648,2025-07-09,Video 14,Education,2024-08-13,885,124,25,2025-07-09,366,2024-08-25,Other,India
12,14,1058,1756,437,999,6648,2025-07-09,Video 14,Education,2024-08-13,885,132,25,2025-07-09,347,2024-08-25,Other,India
12,14,1058,1756,437,999,6648,2025-07-09,Video 14,Education,2024-08-13,885,149,39,2025-07-09,801,2025-03-07,Male,Germany
12,14,1058,1756,437,999,6648,2025-07-09,Video 14,Education,2024-08-13,885,163,63,2025-07-09,380,2025-02-27,Other,Germany
13,14,9589,4154,574,819,8885,2025-07-09,Video 14,Education,2024-08-13,885,6,89,2025-07-09,612,2024-09-19,Female,USA
13,14,9589,4154,574,819,8885,2025-07-09,Video 14,Education,2024-08-13,885,18,45,2025-07-09,226,2024-08-08,Other,India
13,14,9589,4154,574,819,8885,2025-07-09,Video 14,Education,2024-08-13,885,47,60,2025-07-09,816,2024-07-27,Other,Germany
13,14,9589,4154,574,819,8885,2025-07-09,Video 14,Education,2024-08-13,885,57,32,2025-07-09,240,2025-06-14,Male,Germany
13,14,9589,4154,574,819,8885,2025-07-09,Video 14,Education,2024-08-13,885,76,90,2025-07-09,715,2024-12-10,Other,India
13,14,9589,4154,574,819,8885,2025-07-09,Video 14,Education,2024-08-13,885,105,75,2025-07-09,285,2025-03-17,Female,India
13,14,9589,4154,574,819,8885,2025-07-09,Video 14,Education,2024-08-13,885,106,48,2025-07-09,600,2024-11-02,Male,USA
13,14,9589,4154,574,819,8885,2025-07-09,Video 14,Education,2024-08-13,885,110,45,2025-07-09,189,2024-08-08,Other,India
13,14,9589,4154,574,819,8885,2025-07-09,Video 14,Education,2024-08-13,885,113,71,2025-07-09,677,2025-03-29,Male,UK
13,14,9589,4154,574,819,8885,2025-07-09,Video 14,Education,2024-08-13,885,124,25,2025-07-09,366,2024-08-25,Other,India
13,14,9589,4154,574,819,8885,2025-07-09,Video 14,Education,2024-08-13,885,132,25,2025-07-09,347,2024-08-25,Other,India
13,14,9589,4154,574,819,8885,2025-07-09,Video 14,Education,2024-08-13,885,149,39,2025-07-09,801,2025-03-07,Male,Germany
13,14,9589,4154,574,819,8885,2025-07-09,Video 14,Education,2024-08-13,885,163,63,2025-07-09,380,2025-02-27,Other,Germany
14,15,8983,2182,9,830,5525,2025-07-09,Video 15,Tech,2025-05-17,223,22,48,2025-07-09,170,2024-11-02,Male,USA
14,15,8983,2182,9,830,5525,2025-07-09,Video 15,Tech,2025-05-17,223,23,9,2025-07-09,255,2024-08-24,Other,Canada
14,15,8983,2182,9,830,5525,2025-07-09,Video 15,Tech,2025-05-17,223,24,65,2025-07-09,187,2025-07-01,Male,Canada
14,15,8983,2182,9,830,5525,2025-07-09,Video 15,Tech,2025-05-17,223,46,62,2025-07-09,280,2025-01-06,Male,UK
14,15,8983,2182,9,830,5525,2025-07-09,Video 15,Tech,2025-05-17,223,61,79,2025-07-09,856,2025-05-10,Female,UK
14,15,8983,2182,9,830,5525,2025-07-09,Video 15,Tech,2025-05-17,223,66,64,2025-07-09,821,2025-07-03,Female,Germany
14,15,8983,2182,9,830,5525,2025-07-09,Video 15,Tech,2025-05-17,223,68,24,2025-07-09,619,2025-06-24,Male,Canada
14,15,8983,2182,9,830,5525,2025-07-09,Video 15,Tech,2025-05-17,223,73,44,2025-07-09,459,2025-03-03,Female,India
14,15,8983,2182,9,830,5525,2025-07-09,Video 15,Tech,2025-05-17,223,78,72,2025-07-09,726,2025-01-17,Male,Canada
14,15,8983,2182,9,830,5525,2025-07-09,Video 15,Tech,2025-05-17,223,81,25,2025-07-09,522,2024-08-25,Other,India
14,15,8983,2182,9,830,5525,2025-07-09,Video 15,Tech,2025-05-17,223,89,31,2025-07-09,762,2025-02-15,Male,UK
14,15,8983,2182,9,830,5525,2025-07-09,Video 15,Tech,2025-05-17,223,109,68,2025-07-09,784,2025-04-03,Female,USA
14,15,8983,2182,9,830,5525,2025-07-09,Video 15,Tech,2025-05-17,223,139,98,2025-07-09,843,2024-11-16,Other,USA
14,15,8983,2182,9,830,5525,2025-07-09,Video 15,Tech,2025-05-17,223,151,91,2025-07-09,895,2025-04-23,Other,India
14,15,8983,2182,9,830,5525,2025-07-09,Video 15,Tech,2025-05-17,223,158,38,2025-07-09,483,2024-07-23,Female,Germany
14,15,8983,2182,9,830,5525,2025-07-09,Video 15,Tech,2025-05-17,223,186,20,2025-07-09,172,2025-04-20,Other,India
15,2,1098,1095,114,181,552,2025-07-09,Video 2,Education,2025-02-18,793,41,84,2025-07-09,890,2024-08-11,Male,Germany
15,2,1098,1095,114,181,552,2025-07-09,Video 2,Education,2025-02-18,793,62,86,2025-07-09,155,2025-02-22,Other,India
15,2,1098,1095,114,181,552,2025-07-09,Video 2,Education,2025-02-18,793,111,55,2025-07-09,491,2024-09-14,Male,India
15,2,1098,1095,114,181,552,2025-07-09,Video 2,Education,2025-02-18,793,153,17,2025-07-09,854,2024-10-17,Male,Germany
15,2,1098,1095,114,181,552,2025-07-09,Video 2,Education,2025-02-18,793,169,62,2025-07-09,788,2025-01-06,Male,UK
15,2,1098,1095,114,181,552,2025-07-09,Video 2,Education,2025-02-18,793,173,7,2025-07-09,572,2025-01-26,Female,India
16,4,5238,2869,77,902,1989,2025-07-09,Video 4,Tech,2024-07-10,778,56,58,2025-07-09,567,2025-01-11,Female,USA
16,4,5238,2869,77,902,1989,2025-07-09,Video 4,Tech,2024-07-10,778,65,4,2025-07-09,179,2025-02-18,Male,USA
16,4,5238,2869,77,902,1989,2025-07-09,Video 4,Tech,2024-07-10,778,183,88,2025-07-09,828,2025-02-04,Other,India
16,4,5238,2869,77,902,1989,2025-07-09,Video 4,Tech,2024-07-10,778,192,72,2025-07-09,105,2025-01-17,Male,Canada
16,4,5238,2869,77,902,1989,2025-07-09,Video 4,Tech,2024-07-10,778,195,78,2025-07-09,126,2025-02-09,Female,India
17,2,1036,573,967,422,4379,2025-07-09,Video 2,Education,2025-02-18,793,41,84,2025-07-09,890,2024-08-11,Male,Germany
17,2,1036,573,967,422,4379,2025-07-09,Video 2,Education,2025-02-18,793,62,86,2025-07-09,155,2025-02-22,Other,India
17,2,1036,573,967,422,4379,2025-07-09,Video 2,Education,2025-02-18,793,111,55,2025-07-09,491,2024-09-14,Male,India
17,2,1036,573,967,422,4379,2025-07-09,Video 2,Education,2025-02-18,793,153,17,2025-07-09,854,2024-10-17,Male,Germany
17,2,1036,573,967,422,4379,2025-07-09,Video 2,Education,2025-02-18,793,169,62,2025-07-09,788,2025-01-06,Male,UK
17,2,1036,573,967,422,4379,2025-07-09,Video 2,Education,2025-02-18,793,173,7,2025-07-09,572,2025-01-26,Female,India
18,13,921,2011,904,25,3025,2025-07-09,Video 13,Education,2025-04-08,837,1,51,2025-07-09,399,2025-03-10,Male,Germany
18,13,921,2011,904,25,3025,2025-07-09,Video 13,Education,2025-04-08,837,7,81,2025-07-09,449,2025-03-03,Female,Germany
18,13,921,2011,904,25,3025,2025-07-09,Video 13,Education,2025-04-08,837,12,39,2025-07-09,634,2025-03-07,Male,Germany
18,13,921,2011,904,25,3025,2025-07-09,Video 13,Education,2025-04-08,837,50,76,2025-07-09,613,2024-11-17,Male,USA
18,13,921,2011,904,25,3025,2025-07-09,Video 13,Education,2025-04-08,837,52,42,2025-07-09,833,2025-06-08,Male,UK
18,13,921,2011,904,25,3025,2025-07-09,Video 13,Education,2025-04-08,837,101,89,2025-07-09,31,2024-09-19,Female,USA
18,13,921,2011,904,25,3025,2025-07-09,Video 13,Education,2025-04-08,837,114,43,2025-07-09,462,2025-05-15,Other,Canada
18,13,921,2011,904,25,3025,2025-07-09,Video 13,Education,2025-04-08,837,118,35,2025-07-09,456,2025-04-13,Female,USA
18,13,921,2011,904,25,3025,2025-07-09,Video 13,Education,2025-04-08,837,123,93,2025-07-09,491,2024-09-29,Other,India
18,13,921,2011,904,25,3025,2025-07-09,Video 13,Education,2025-04-08,837,135,62,2025-07-09,517,2025-01-06,Male,UK
18,13,921,2011,904,25,3025,2025-07-09,Video 13,Education,2025-04-08,837,137,93,2025-07-09,688,2024-09-29,Other,India
18,13,921,2011,904,25,3025,2025-07-09,Video 13,Education,2025-04-08,837,144,25,2025-07-09,100,2024-08-25,Other,India
18,13,921,2011,904,25,3025,2025-07-09,Video 13,Education,2025-04-08,837,155,6,2025-07-09,683,2024-10-22,Male,Germany
18,13,921,2011,904,25,3025,2025-07-09,Video 13,Education,2025-04-08,837,161,82,2025-07-09,202,2025-04-11,Male,Germany
18,13,921,2011,904,25,3025,2025-07-09,Video 13,Education,2025-04-08,837,200,67,2025-07-09,167,2025-01-05,Male,Germany
19,11,9671,3037,707,183,9612,2025-07-09,Video 11,Gaming,2025-07-09,888,21,85,2025-07-09,93,2025-02-17,Male,USA
19,11,9671,3037,707,183,9612,2025-07-09,Video 11,Gaming,2025-07-09,888,33,82,2025-07-09,491,2025-04-11,Male,Germany
19,11,9671,3037,707,183,9612,2025-07-09,Video 11,Gaming,2025-07-09,888,72,34,2025-07-09,305,2025-04-26,Female,USA
19,11,9671,3037,707,183,9612,2025-07-09,Video 11,Gaming,2025-07-09,888,94,63,2025-07-09,103,2025-02-27,Other,Germany
19,11,9671,3037,707,183,9612,2025-07-09,Video 11,Gaming,2025-07-09,888,95,58,2025-07-09,244,2025-01-11,Female,USA
19,11,9671,3037,707,183,9612,2025-07-09,Video 11,Gaming,2025-07-09,888,107,61,2025-07-09,51,2024-11-29,Other,USA
19,11,9671,3037,707,183,9612,2025-07-09,Video 11,Gaming,2025-07-09,888,136,36,2025-07-09,305,2025-03-11,Female,UK
19,11,9671,3037,707,183,9612,2025-07-09,Video 11,Gaming,2025-07-09,888,156,7,2025-07-09,900,2025-01-26,Female,India
19,11,9671,3037,707,183,9612,2025-07-09,Video 11,Gaming,2025-07-09,888,159,90,2025-07-09,433,2024-12-10,Other,India
19,11,9671,3037,707,183,9612,2025-07-09,Video 11,Gaming,2025-07-09,888,160,17,2025-07-09,65,2024-10-17,Male,Germany
20,4,7911,2344,925,754,4449,2025-07-09,Video 4,Tech,2024-07-10,778,56,58,2025-07-09,567,2025-01-11,Female,USA
20,4,7911,2344,925,754,4449,2025-07-09,Video 4,Tech,2024-07-10,778,65,4,2025-07-09,179,2025-02-18,Male,USA
20,4,7911,2344,925,754,4449,2025-07-09,Video 4,Tech,2024-07-10,778,183,88,2025-07-09,828,2025-02-04,Other,India
20,4,7911,2344,925,754,4449,2025-07-09,Video 4,Tech,2024-07-10,778,192,72,2025-07-09,105,2025-01-17,Male,Canada
20,4,7911,2344,925,754,4449,2025-07-09,Video 4,Tech,2024-07-10,778,195,78,2025-07-09,126,2025-02-09,Female,India
21,8,8338,1302,152,946,726,2025-07-09,Video 8,Music,2024-11-20,519,35,91,2025-07-09,43,2025-04-23,Other,India
21,8,8338,1302,152,946,726,2025-07-09,Video 8,Music,2024-11-20,519,37,56,2025-07-09,305,2025-01-03,Female,Germany
21,8,8338,1302,152,946,726,2025-07-09,Video 8,Music,2024-11-20,519,42,35,2025-07-09,474,2025-04-13,Female,USA
21,8,8338,1302,152,946,726,2025-07-09,Video 8,Music,2024-11-20,519,53,32,2025-07-09,212,2025-06-14,Male,Germany
21,8,8338,1302,152,946,726,2025-07-09,Video 8,Music,2024-11-20,519,58,97,2025-07-09,673,2025-06-23,Male,Canada
21,8,8338,1302,152,946,726,2025-07-09,Video 8,Music,2024-11-20,519,64,44,2025-07-09,71,2025-03-03,Female,India
21,8,8338,1302,152,946,726,2025-07-09,Video 8,Music,2024-11-20,519,83,31,2025-07-09,515,2025-02-15,Male,UK
21,8,8338,1302,152,946,726,2025-07-09,Video 8,Music,2024-11-20,519,87,72,2025-07-09,50,2025-01-17,Male,Canada
21,8,8338,1302,152,946,726,2025-07-09,Video 8,Music,2024-11-20,519,92,83,2025-07-09,266,2025-05-20,Female,USA
21,8,8338,1302,152,946,726,2025-07-09,Video 8,Music,2024-11-20,519,100,52,2025-07-09,611,2025-03-29,Other,India
21,8,8338,1302,152,946,726,2025-07-09,Video 8,Music,2024-11-20,519,128,69,2025-07-09,696,2024-10-14,Female,UK
21,8,8338,1302,152,946,726,2025-07-09,Video 8,Music,2024-11-20,519,130,89,2025-07-09,888,2024-09-19,Female,USA
21,8,8338,1302,152,946,726,2025-07-09,Video 8,Music,2024-11-20,519,171,44,2025-07-09,218,2025-03-03,Female,India
21,8,8338,1302,152,946,726,2025-07-09,Video 8,Music,2024-11-20,519,175,62,2025-07-09,304,2025-01-06,Male,UK
21,8,8338,1302,152,946,726,2025-07-09,Video 8,Music,2024-11-20,519,180,10,2025-07-09,39,2025-03-22,Female,Germany
22,7,8801,3599,558,340,1876,2025-07-09,Video 7,Education,2024-08-14,285,5,76,2025-07-09,890,2024-11-17,Male,USA
22,7,8801,3599,558,340,1876,2025-07-09,Video 7,Education,2024-08-14,285,17,6,2025-07-09,650,2024-10-22,Male,Germany
22,7,8801,3599,558,340,1876,2025-07-09,Video 7,Education,2024-08-14,285,25,83,2025-07-09,575,2025-05-20,Female,USA
22,7,8801,3599,558,340,1876,2025-07-09,Video 7,Education,2024-08-14,285,38,23,2025-07-09,733,2025-04-14,Other,USA
22,7,8801,3599,558,340,1876,2025-07-09,Video 7,Education,2024-08-14,285,49,94,2025-07-09,650,2024-12-03,Female,Germany
22,7,8801,3599,558,340,1876,2025-07-09,Video 7,Education,2024-08-14,285,103,40,2025-07-09,698,2025-03-01,Female,India
22,7,8801,3599,558,340,1876,2025-07-09,Video 7,Education,2024-08-14,285,112,96,2025-07-09,541,2025-03-03,Male,UK
22,7,8801,3599,558,340,1876,2025-07-09,Video 7,Education,2024-08-14,285,157,71,2025-07-09,565,2025-03-29,Male,UK
22,7,8801,3599,558,340,1876,2025-07-09,Video 7,Education,2024-08-14,285,176,15,2025-07-09,458,2025-03-14,Male,India
22,7,8801,3599,558,340,1876,2025-07-09,Video 7,Education,2024-08-14,285,185,20,2025-07-09,736,2025-04-20,Other,India
23,7,2679,4460,36,801,9874,2025-07-09,Video 7,Education,2024-08-14,285,5,76,2025-07-09,890,2024-11-17,Male,USA
23,7,2679,4460,36,801,9874,2025-07-09,Video 7,Education,2024-08-14,285,17,6,2025-07-09,650,2024-10-22,Male,Germany
23,7,2679,4460,36,801,9874,2025-07-09,Video 7,Education,2024-08-14,285,25,83,2025-07-09,575,2025-05-20,Female,USA
23,7,2679,4460,36,801,9874,2025-07-09,Video 7,Education,2024-08-14,285,38,23,2025-07-09,733,2025-04-14,Other,USA
23,7,2679,4460,36,801,9874,2025-07-09,Video 7,Education,2024-08-14,285,49,94,2025-07-09,650,2024-12-03,Female,Germany
23,7,2679,4460,36,801,9874,2025-07-09,Video 7,Education,2024-08-14,285,103,40,2025-07-09,698,2025-03-01,Female,India
23,7,2679,4460,36,801,9874,2025-07-09,Video 7,Education,2024-08-14,285,112,96,2025-07-09,541,2025-03-03,Male,UK
23,7,2679,4460,36,801,9874,2025-07-09,Video 7,Education,2024-08-14,285,157,71,2025-07-09,565,2025-03-29,Male,UK
23,7,2679,4460,36,801,9874,2025-07-09,Video 7,Education,2024-08-14,285,176,15,2025-07-09,458,2025-03-14,Male,India
23,7,2679,4460,36,801,9874,2025-07-09,Video 7,Education,2024-08-14,285,185,20,2025-07-09,736,2025-04-20,Other,India
24,18,1031,2488,854,953,7219,2025-07-09,Video 18,Music,2024-07-18,408,3,26,2025-07-09,463,2024-10-27,Male,UK
24,18,1031,2488,854,953,7219,2025-07-09,Video 18,Music,2024-07-18,408,13,88,2025-07-09,767,2025-02-04,Other,India
24,18,1031,2488,854,953,7219,2025-07-09,Video 18,Music,2024-07-18,408,63,49,2025-07-09,83,2025-02-16,Other,India
24,18,1031,2488,854,953,7219,2025-07-09,Video 18,Music,2024-07-18,408,70,28,2025-07-09,854,2024-08-15,Other,USA
24,18,1031,2488,854,953,7219,2025-07-09,Video 18,Music,2024-07-18,408,77,36,2025-07-09,321,2025-03-11,Female,UK
24,18,1031,2488,854,953,7219,2025-07-09,Video 18,Music,2024-07-18,408,96,3,2025-07-09,700,2025-07-02,Male,USA
24,18,1031,2488,854,953,7219,2025-07-09,Video 18,Music,2024-07-18,408,108,71,2025-07-09,791,2025-03-29,Male,UK
24,18,1031,2488,854,953,7219,2025-07-09,Video 18,Music,2024-07-18,408,125,41,2025-07-09,428,2025-04-27,Female,Germany
24,18,1031,2488,854,953,7219,2025-07-09,Video 18,Music,2024-07-18,408,126,16,2025-07-09,351,2025-04-01,Female,India
24,18,1031,2488,854,953,7219,2025-07-09,Video 18,Music,2024-07-18,408,142,37,2025-07-09,47,2025-07-08,Other,USA
24,18,1031,2488,854,953,7219,2025-07-09,Video 18,Music,2024-07-18,408,168,61,2025-07-09,462,2024-11-29,Other,USA
25,15,8420,4343,378,421,5763,2025-07-09,Video 15,Tech,2025-05-17,223,22,48,2025-07-09,170,2024-11-02,Male,USA
25,15,8420,4343,378,421,5763,2025-07-09,Video 15,Tech,2025-05-17,223,23,9,2025-07-09,255,2024-08-24,Other,Canada
25,15,8420,4343,378,421,5763,2025-07-09,Video 15,Tech,2025-05-17,223,24,65,2025-07-09,187,2025-07-01,Male,Canada
25,15,8420,4343,378,421,5763,2025-07-09,Video 15,Tech,2025-05-17,223,46,62,2025-07-09,280,2025-01-06,Male,UK
25,15,8420,4343,378,421,5763,2025-07-09,Video 15,Tech,2025-05-17,223,61,79,2025-07-09,856,2025-05-10,Female,UK
25,15,8420,4343,378,421,5763,2025-07-09,Video 15,Tech,2025-05-17,223,66,64,2025-07-09,821,2025-07-03,Female,Germany
25,15,8420,4343,378,421,5763,2025-07-09,Video 15,Tech,2025-05-17,223,68,24,2025-07-09,619,2025-06-24,Male,Canada
25,15,8420,4343,378,421,5763,2025-07-09,Video 15,Tech,2025-05-17,223,73,44,2025-07-09,459,2025-03-03,Female,India
25,15,8420,4343,378,421,5763,2025-07-09,Video 15,Tech,2025-05-17,223,78,72,2025-07-09,726,2025-01-17,Male,Canada
25,15,8420,4343,378,421,5763,2025-07-09,Video 15,Tech,2025-05-17,223,81,25,2025-07-09,522,2024-08-25,Other,India
25,15,8420,4343,378,421,5763,2025-07-09,Video 15,Tech,2025-05-17,223,89,31,2025-07-09,762,2025-02-15,Male,UK
25,15,8420,4343,378,421,5763,2025-07-09,Video 15,Tech,2025-05-17,223,109,68,2025-07-09,784,2025-04-03,Female,USA
25,15,8420,4343,378,421,5763,2025-07-09,Video 15,Tech,2025-05-17,223,139,98,2025-07-09,843,2024-11-16,Other,USA
25,15,8420,4343,378,421,5763,2025-07-09,Video 15,Tech,2025-05-17,223,151,91,2025-07-09,895,2025-04-23,Other,India
25,15,8420,4343,378,421,5763,2025-07-09,Video 15,Tech,2025-05-17,223,158,38,2025-07-09,483,2024-07-23,Female,Germany
25,15,8420,4343,378,421,5763,2025-07-09,Video 15,Tech,2025-05-17,223,186,20,2025-07-09,172,2025-04-20,Other,India
26,5,1412,74,596,821,5239,2025-07-09,Video 5,Tech,2024-08-19,618,4,10,2025-07-09,314,2025-03-22,Female,Germany
26,5,1412,74,596,821,5239,2025-07-09,Video 5,Tech,2024-08-19,618,39,94,2025-07-09,299,2024-12-03,Female,Germany
26,5,1412,74,596,821,5239,2025-07-09,Video 5,Tech,2024-08-19,618,54,12,2025-07-09,445,2024-07-30,Other,Germany
26,5,1412,74,596,821,5239,2025-07-09,Video 5,Tech,2024-08-19,618,67,42,2025-07-09,324,2025-06-08,Male,UK
26,5,1412,74,596,821,5239,2025-07-09,Video 5,Tech,2024-08-19,618,98,38,2025-07-09,891,2024-07-23,Female,Germany
26,5,1412,74,596,821,5239,2025-07-09,Video 5,Tech,2024-08-19,618,99,29,2025-07-09,599,2024-10-22,Male,Germany
26,5,1412,74,596,821,5239,2025-07-09,Video 5,Tech,2024-08-19,618,102,32,2025-07-09,793,2025-06-14,Male,Germany
26,5,1412,74,596,821,5239,2025-07-09,Video 5,Tech,2024-08-19,618,140,68,2025-07-09,788,2025-04-03,Female,USA
26,5,1412,74,596,821,5239,2025-07-09,Video 5,Tech,2024-08-19,618,150,2,2025-07-09,423,2025-06-23,Female,India
26,5,1412,74,596,821,5239,2025-07-09,Video 5,Tech,2024-08-19,618,179,63,2025-07-09,134,2025-02-27,Other,Germany
26,5,1412,74,596,821,5239,2025-07-09,Video 5,Tech,2024-08-19,618,181,74,2025-07-09,655,2024-07-17,Other,Canada
27,14,3144,4553,565,685,7249,2025-07-09,Video 14,Education,2024-08-13,885,6,89,2025-07-09,612,2024-09-19,Female,USA
27,14,3144,4553,565,685,7249,2025-07-09,Video 14,Education,2024-08-13,885,18,45,2025-07-09,226,2024-08-08,Other,India
27,14,3144,4553,565,685,7249,2025-07-09,Video 14,Education,2024-08-13,885,47,60,2025-07-09,816,2024-07-27,Other,Germany
27,14,3144,4553,565,685,7249,2025-07-09,Video 14,Education,2024-08-13,885,57,32,2025-07-09,240,2025-06-14,Male,Germany
27,14,3144,4553,565,685,7249,2025-07-09,Video 14,Education,2024-08-13,885,76,90,2025-07-09,715,2024-12-10,Other,India
27,14,3144,4553,565,685,7249,2025-07-09,Video 14,Education,2024-08-13,885,105,75,2025-07-09,285,2025-03-17,Female,India
27,14,3144,4553,565,685,7249,2025-07-09,Video 14,Education,2024-08-13,885,106,48,2025-07-09,600,2024-11-02,Male,USA
27,14,3144,4553,565,685,7249,2025-07-09,Video 14,Education,2024-08-13,885,110,45,2025-07-09,189,2024-08-08,Other,India
27,14,3144,4553,565,685,7249,2025-07-09,Video 14,Education,2024-08-13,885,113,71,2025-07-09,677,2025-03-29,Male,UK
27,14,3144,4553,565,685,7249,2025-07-09,Video 14,Education,2024-08-13,885,124,25,2025-07-09,366,2024-08-25,Other,India
27,14,3144,4553,565,685,7249,2025-07-09,Video 14,Education,2024-08-13,885,132,25,2025-07-09,347,2024-08-25,Other,India
27,14,3144,4553,565,685,7249,2025-07-09,Video 14,Education,2024-08-13,885,149,39,2025-07-09,801,2025-03-07,Male,Germany
27,14,3144,4553,565,685,7249,2025-07-09,Video 14,Education,2024-08-13,885,163,63,2025-07-09,380,2025-02-27,Other,Germany
28,6,1222,2462,151,884,8479,2025-07-09,Video 6,Tech,2025-01-29,489,8,32,2025-07-09,322,2025-06-14,Male,Germany
28,6,1222,2462,151,884,8479,2025-07-09,Video 6,Tech,2025-01-29,489,28,54,2025-07-09,12,2025-05-30,Male,Canada
28,6,1222,2462,151,884,8479,2025-07-09,Video 6,Tech,2025-01-29,489,59,60,2025-07-09,162,2024-07-27,Other,Germany
28,6,1222,2462,151,884,8479,2025-07-09,Video 6,Tech,2025-01-29,489,79,2,2025-07-09,422,2025-06-23,Female,India
28,6,1222,2462,151,884,8479,2025-07-09,Video 6,Tech,2025-01-29,489,138,76,2025-07-09,420,2024-11-17,Male,USA
28,6,1222,2462,151,884,8479,2025-07-09,Video 6,Tech,2025-01-29,489,152,69,2025-07-09,536,2024-10-14,Female,UK
28,6,1222,2462,151,884,8479,2025-07-09,Video 6,Tech,2025-01-29,489,189,11,2025-07-09,24,2025-06-10,Male,Canada
28,6,1222,2462,151,884,8479,2025-07-09,Video 6,Tech,2025-01-29,489,193,98,2025-07-09,240,2024-11-16,Other,USA
29,9,9849,858,440,752,1994,2025-07-09,Video 9,Education,2025-05-24,663,82,11,2025-07-09,562,2025-06-10,Male,Canada
29,9,9849,858,440,752,1994,2025-07-09,Video 9,Education,2025-05-24,663,84,93,2025-07-09,458,2024-09-29,Other,India
29,9,9849,858,440,752,1994,2025-07-09,Video 9,Education,2025-05-24,663,88,98,2025-07-09,452,2024-11-16,Other,USA
29,9,9849,858,440,752,1994,2025-07-09,Video 9,Education,2025-05-24,663,93,92,2025-07-09,36,2024-11-21,Female,UK
29,9,9849,858,440,752,1994,2025-07-09,Video 9,Education,2025-05-24,663,131,24,2025-07-09,174,2025-06-24,Male,Canada
29,9,9849,858,440,752,1994,2025-07-09,Video 9,Education,2025-05-24,663,154,36,2025-07-09,11,2025-03-11,Female,UK
29,9,9849,858,440,752,1994,2025-07-09,Video 9,Education,2025-05-24,663,162,97,2025-07-09,540,2025-06-23,Male,Canada
29,9,9849,858,440,752,1994,2025-07-09,Video 9,Education,2025-05-24,663,164,14,2025-07-09,647,2024-10-23,Other,Germany
29,9,9849,858,440,752,1994,2025-07-09,Video 9,Education,2025-05-24,663,187,73,2025-07-09,328,2024-07-17,Other,Germany
30,15,1213,1110,130,830,6411,2025-07-09,Video 15,Tech,2025-05-17,223,22,48,2025-07-09,170,2024-11-02,Male,USA
30,15,1213,1110,130,830,6411,2025-07-09,Video 15,Tech,2025-05-17,223,23,9,2025-07-09,255,2024-08-24,Other,Canada
30,15,1213,1110,130,830,6411,2025-07-09,Video 15,Tech,2025-05-17,223,24,65,2025-07-09,187,2025-07-01,Male,Canada
30,15,1213,1110,130,830,6411,2025-07-09,Video 15,Tech,2025-05-17,223,46,62,2025-07-09,280,2025-01-06,Male,UK
30,15,1213,1110,130,830,6411,2025-07-09,Video 15,Tech,2025-05-17,223,61,79,2025-07-09,856,2025-05-10,Female,UK
30,15,1213,1110,130,830,6411,2025-07-09,Video 15,Tech,2025-05-17,223,66,64,2025-07-09,821,2025-07-03,Female,Germany
30,15,1213,1110,130,830,6411,2025-07-09,Video 15,Tech,2025-05-17,223,68,24,2025-07-09,619,2025-06-24,Male,Canada
30,15,1213,1110,130,830,6411,2025-07-09,Video 15,Tech,2025-05-17,223,73,44,2025-07-09,459,2025-03-03,Female,India
30,15,1213,1110,130,830,6411,2025-07-09,Video 15,Tech,2025-05-17,223,78,72,2025-07-09,726,2025-01-17,Male,Canada
30,15,1213,1110,130,830,6411,2025-07-09,Video 15,Tech,2025-05-17,223,81,25,2025-07-09,522,2024-08-25,Other,India
30,15,1213,1110,130,830,6411,2025-07-09,Video 15,Tech,2025-05-17,223,89,31,2025-07-09,762,2025-02-15,Male,UK
30,15,1213,1110,130,830,6411,2025-07-09,Video 15,Tech,2025-05-17,223,109,68,2025-07-09,784,2025-04-03,Female,USA
30,15,1213,1110,130,830,6411,2025-07-09,Video 15,Tech,2025-05-17,223,139,98,2025-07-09,843,2024-11-16,Other,USA
30,15,1213,1110,130,830,6411,2025-07-09,Video 15,Tech,2025-05-17,223,151,91,2025-07-09,895,2025-04-23,Other,India
30,15,1213,1110,130,830,6411,2025-07-09,Video 15,Tech,2025-05-17,223,158,38,2025-07-09,483,2024-07-23,Female,Germany
30,15,1213,1110,130,830,6411,2025-07-09,Video 15,Tech,2025-05-17,223,186,20,2025-07-09,172,2025-04-20,Other,India
31,8,3953,2176,42,254,9546,2025-07-09,Video 8,Music,2024-11-20,519,35,91,2025-07-09,43,2025-04-23,Other,India
31,8,3953,2176,42,254,9546,2025-07-09,Video 8,Music,2024-11-20,519,37,56,2025-07-09,305,2025-01-03,Female,Germany
31,8,3953,2176,42,254,9546,2025-07-09,Video 8,Music,2024-11-20,519,42,35,2025-07-09,474,2025-04-13,Female,USA
31,8,3953,2176,42,254,9546,2025-07-09,Video 8,Music,2024-11-20,519,53,32,2025-07-09,212,2025-06-14,Male,Germany
31,8,3953,2176,42,254,9546,2025-07-09,Video 8,Music,2024-11-20,519,58,97,2025-07-09,673,2025-06-23,Male,Canada
31,8,3953,2176,42,254,9546,2025-07-09,Video 8,Music,2024-11-20,519,64,44,2025-07-09,71,2025-03-03,Female,India
31,8,3953,2176,42,254,9546,2025-07-09,Video 8,Music,2024-11-20,519,83,31,2025-07-09,515,2025-02-15,Male,UK
31,8,3953,2176,42,254,9546,2025-07-09,Video 8,Music,2024-11-20,519,87,72,2025-07-09,50,2025-01-17,Male,Canada
31,8,3953,2176,42,254,9546,2025-07-09,Video 8,Music,2024-11-20,519,92,83,2025-07-09,266,2025-05-20,Female,USA
31,8,3953,2176,42,254,9546,2025-07-09,Video 8,Music,2024-11-20,519,100,52,2025-07-09,611,2025-03-29,Other,India
31,8,3953,2176,42,254,9546,2025-07-09,Video 8,Music,2024-11-20,519,128,69,2025-07-09,696,2024-10-14,Female,UK
31,8,3953,2176,42,254,9546,2025-07-09,Video 8,Music,2024-11-20,519,130,89,2025-07-09,888,2024-09-19,Female,USA
31,8,3953,2176,42,254,9546,2025-07-09,Video 8,Music,2024-11-20,519,171,44,2025-07-09,218,2025-03-03,Female,India
31,8,3953,2176,42,254,9546,2025-07-09,Video 8,Music,2024-11-20,519,175,62,2025-07-09,304,2025-01-06,Male,UK
31,8,3953,2176,42,254,9546,2025-07-09,Video 8,Music,2024-11-20,519,180,10,2025-07-09,39,2025-03-22,Female,Germany
32,3,6715,955,315,273,3214,2025-07-09,Video 3,Vlog,2024-11-22,725,29,63,2025-07-09,428,2025-02-27,Other,Germany
32,3,6715,955,315,273,3214,2025-07-09,Video 3,Vlog,2024-11-22,725,34,59,2025-07-09,308,2025-06-22,Other,Canada
32,3,6715,955,315,273,3214,2025-07-09,Video 3,Vlog,2024-11-22,725,45,100,2025-07-09,249,2025-05-13,Male,USA
32,3,6715,955,315,273,3214,2025-07-09,Video 3,Vlog,2024-11-22,725,90,89,2025-07-09,340,2024-09-19,Female,USA
32,3,6715,955,315,273,3214,2025-07-09,Video 3,Vlog,2024-11-22,725,97,12,2025-07-09,866,2024-07-30,Other,Germany
32,3,6715,955,315,273,3214,2025-07-09,Video 3,Vlog,2024-11-22,725,104,85,2025-07-09,851,2025-02-17,Male,USA
32,3,6715,955,315,273,3214,2025-07-09,Video 3,Vlog,2024-11-22,725,148,23,2025-07-09,128,2025-04-14,Other,USA
32,3,6715,955,315,273,3214,2025-07-09,Video 3,Vlog,2024-11-22,725,165,2,2025-07-09,784,2025-06-23,Female,India
32,3,6715,955,315,273,3214,2025-07-09,Video 3,Vlog,2024-11-22,725,172,24,2025-07-09,283,2025-06-24,Male,Canada
33,15,2064,886,373,163,4273,2025-07-09,Video 15,Tech,2025-05-17,223,22,48,2025-07-09,170,2024-11-02,Male,USA
33,15,2064,886,373,163,4273,2025-07-09,Video 15,Tech,2025-05-17,223,23,9,2025-07-09,255,2024-08-24,Other,Canada
33,15,2064,886,373,163,4273,2025-07-09,Video 15,Tech,2025-05-17,223,24,65,2025-07-09,187,2025-07-01,Male,Canada
33,15,2064,886,373,163,4273,2025-07-09,Video 15,Tech,2025-05-17,223,46,62,2025-07-09,280,2025-01-06,Male,UK
33,15,2064,886,373,163,4273,2025-07-09,Video 15,Tech,2025-05-17,223,61,79,2025-07-09,856,2025-05-10,Female,UK
33,15,2064,886,373,163,4273,2025-07-09,Video 15,Tech,2025-05-17,223,66,64,2025-07-09,821,2025-07-03,Female,Germany
33,15,2064,886,373,163,4273,2025-07-09,Video 15,Tech,2025-05-17,223,68,24,2025-07-09,619,2025-06-24,Male,Canada
33,15,2064,886,373,163,4273,2025-07-09,Video 15,Tech,2025-05-17,223,73,44,2025-07-09,459,2025-03-03,Female,India
33,15,2064,886,373,163,4273,2025-07-09,Video 15,Tech,2025-05-17,223,78,72,2025-07-09,726,2025-01-17,Male,Canada
33,15,2064,886,373,163,4273,2025-07-09,Video 15,Tech,2025-05-17,223,81,25,2025-07-09,522,2024-08-25,Other,India
33,15,2064,886,373,163,4273,2025-07-09,Video 15,Tech,2025-05-17,223,89,31,2025-07-09,762,2025-02-15,Male,UK
33,15,2064,886,373,163,4273,2025-07-09,Video 15,Tech,2025-05-17,223,109,68,2025-07-09,784,2025-04-03,Female,USA
33,15,2064,886,373,163,4273,2025-07-09,Video 15,Tech,2025-05-17,223,139,98,2025-07-09,843,2024-11-16,Other,USA
33,15,2064,886,373,163,4273,2025-07-09,Video 15,Tech,2025-05-17,223,151,91,2025-07-09,895,2025-04-23,Other,India
33,15,2064,886,373,163,4273,2025-07-09,Video 15,Tech,2025-05-17,223,158,38,2025-07-09,483,2024-07-23,Female,Germany
33,15,2064,886,373,163,4273,2025-07-09,Video 15,Tech,2025-05-17,223,186,20,2025-07-09,172,2025-04-20,Other,India
34,18,9433,4542,920,806,827,2025-07-09,Video 18,Music,2024-07-18,408,3,26,2025-07-09,463,2024-10-27,Male,UK
34,18,9433,4542,920,806,827,2025-07-09,Video 18,Music,2024-07-18,408,13,88,2025-07-09,767,2025-02-04,Other,India
34,18,9433,4542,920,806,827,2025-07-09,Video 18,Music,2024-07-18,408,63,49,2025-07-09,83,2025-02-16,Other,India
34,18,9433,4542,920,806,827,2025-07-09,Video 18,Music,2024-07-18,408,70,28,2025-07-09,854,2024-08-15,Other,USA
34,18,9433,4542,920,806,827,2025-07-09,Video 18,Music,2024-07-18,408,77,36,2025-07-09,321,2025-03-11,Female,UK
34,18,9433,4542,920,806,827,2025-07-09,Video 18,Music,2024-07-18,408,96,3,2025-07-09,700,2025-07-02,Male,USA
34,18,9433,4542,920,806,827,2025-07-09,Video 18,Music,2024-07-18,408,108,71,2025-07-09,791,2025-03-29,Male,UK
34,18,9433,4542,920,806,827,2025-07-09,Video 18,Music,2024-07-18,408,125,41,2025-07-09,428,2025-04-27,Female,Germany
34,18,9433,4542,920,806,827,2025-07-09,Video 18,Music,2024-07-18,408,126,16,2025-07-09,351,2025-04-01,Female,India
34,18,9433,4542,920,806,827,2025-07-09,Video 18,Music,2024-07-18,408,142,37,2025-07-09,47,2025-07-08,Other,USA
34,18,9433,4542,920,806,827,2025-07-09,Video 18,Music,2024-07-18,408,168,61,2025-07-09,462,2024-11-29,Other,USA
35,4,4133,1283,955,718,7244,2025-07-09,Video 4,Tech,2024-07-10,778,56,58,2025-07-09,567,2025-01-11,Female,USA
35,4,4133,1283,955,718,7244,2025-07-09,Video 4,Tech,2024-07-10,778,65,4,2025-07-09,179,2025-02-18,Male,USA
35,4,4133,1283,955,718,7244,2025-07-09,Video 4,Tech,2024-07-10,778,183,88,2025-07-09,828,2025-02-04,Other,India
35,4,4133,1283,955,718,7244,2025-07-09,Video 4,Tech,2024-07-10,778,192,72,2025-07-09,105,2025-01-17,Male,Canada
35,4,4133,1283,955,718,7244,2025-07-09,Video 4,Tech,2024-07-10,778,195,78,2025-07-09,126,2025-02-09,Female,India
36,2,9585,2241,815,110,127,2025-07-09,Video 2,Education,2025-02-18,793,41,84,2025-07-09,890,2024-08-11,Male,Germany
36,2,9585,2241,815,110,127,2025-07-09,Video 2,Education,2025-02-18,793,62,86,2025-07-09,155,2025-02-22,Other,India
36,2,9585,2241,815,110,127,2025-07-09,Video 2,Education,2025-02-18,793,111,55,2025-07-09,491,2024-09-14,Male,India
36,2,9585,2241,815,110,127,2025-07-09,Video 2,Education,2025-02-18,793,153,17,2025-07-09,854,2024-10-17,Male,Germany
36,2,9585,2241,815,110,127,2025-07-09,Video 2,Education,2025-02-18,793,169,62,2025-07-09,788,2025-01-06,Male,UK
36,2,9585,2241,815,110,127,2025-07-09,Video 2,Education,2025-02-18,793,173,7,2025-07-09,572,2025-01-26,Female,India
37,18,9840,2318,995,391,8618,2025-07-09,Video 18,Music,2024-07-18,408,3,26,2025-07-09,463,2024-10-27,Male,UK
37,18,9840,2318,995,391,8618,2025-07-09,Video 18,Music,2024-07-18,408,13,88,2025-07-09,767,2025-02-04,Other,India
37,18,9840,2318,995,391,8618,2025-07-09,Video 18,Music,2024-07-18,408,63,49,2025-07-09,83,2025-02-16,Other,India
37,18,9840,2318,995,391,8618,2025-07-09,Video 18,Music,2024-07-18,408,70,28,2025-07-09,854,2024-08-15,Other,USA
37,18,9840,2318,995,391,8618,2025-07-09,Video 18,Music,2024-07-18,408,77,36,2025-07-09,321,2025-03-11,Female,UK
37,18,9840,2318,995,391,8618,2025-07-09,Video 18,Music,2024-07-18,408,96,3,2025-07-09,700,2025-07-02,Male,USA
37,18,9840,2318,995,391,8618,2025-07-09,Video 18,Music,2024-07-18,408,108,71,2025-07-09,791,2025-03-29,Male,UK
37,18,9840,2318,995,391,8618,2025-07-09,Video 18,Music,2024-07-18,408,125,41,2025-07-09,428,2025-04-27,Female,Germany
37,18,9840,2318,995,391,8618,2025-07-09,Video 18,Music,2024-07-18,408,126,16,2025-07-09,351,2025-04-01,Female,India
37,18,9840,2318,995,391,8618,2025-07-09,Video 18,Music,2024-07-18,408,142,37,2025-07-09,47,2025-07-08,Other,USA
37,18,9840,2318,995,391,8618,2025-07-09,Video 18,Music,2024-07-18,408,168,61,2025-07-09,462,2024-11-29,Other,USA
38,1,751,4964,881,893,8921,2025-07-09,Video 1,Education,2025-05-23,263,14,77,2025-07-09,111,2024-08-24,Other,USA
38,1,751,4964,881,893,8921,2025-07-09,Video 1,Education,2025-05-23,263,40,67,2025-07-09,729,2025-01-05,Male,Germany
38,1,751,4964,881,893,8921,2025-07-09,Video 1,Education,2025-05-23,263,55,36,2025-07-09,127,2025-03-11,Female,UK
38,1,751,4964,881,893,8921,2025-07-09,Video 1,Education,2025-05-23,263,116,90,2025-07-09,195,2024-12-10,Other,India
38,1,751,4964,881,893,8921,2025-07-09,Video 1,Education,2025-05-23,263,120,33,2025-07-09,843,2024-08-19,Male,Germany
38,1,751,4964,881,893,8921,2025-07-09,Video 1,Education,2025-05-23,263,134,95,2025-07-09,720,2024-10-21,Female,USA
38,1,751,4964,881,893,8921,2025-07-09,Video 1,Education,2025-05-23,263,143,13,2025-07-09,475,2025-02-17,Female,UK
38,1,751,4964,881,893,8921,2025-07-09,Video 1,Education,2025-05-23,263,147,47,2025-07-09,341,2025-05-01,Other,UK
38,1,751,4964,881,893,8921,2025-07-09,Video 1,Education,2025-05-23,263,167,37,2025-07-09,650,2025-07-08,Other,USA
38,1,751,4964,881,893,8921,2025-07-09,Video 1,Education,2025-05-23,263,174,33,2025-07-09,144,2024-08-19,Male,Germany
38,1,751,4964,881,893,8921,2025-07-09,Video 1,Education,2025-05-23,263,177,9,2025-07-09,725,2024-08-24,Other,Canada
38,1,751,4964,881,893,8921,2025-07-09,Video 1,Education,2025-05-23,263,197,80,2025-07-09,130,2025-01-09,Other,India
39,3,1443,1735,40,39,3328,2025-07-09,Video 3,Vlog,2024-11-22,725,29,63,2025-07-09,428,2025-02-27,Other,Germany
39,3,1443,1735,40,39,3328,2025-07-09,Video 3,Vlog,2024-11-22,725,34,59,2025-07-09,308,2025-06-22,Other,Canada
39,3,1443,1735,40,39,3328,2025-07-09,Video 3,Vlog,2024-11-22,725,45,100,2025-07-09,249,2025-05-13,Male,USA
39,3,1443,1735,40,39,3328,2025-07-09,Video 3,Vlog,2024-11-22,725,90,89,2025-07-09,340,2024-09-19,Female,USA
39,3,1443,1735,40,39,3328,2025-07-09,Video 3,Vlog,2024-11-22,725,97,12,2025-07-09,866,2024-07-30,Other,Germany
39,3,1443,1735,40,39,3328,2025-07-09,Video 3,Vlog,2024-11-22,725,104,85,2025-07-09,851,2025-02-17,Male,USA
39,3,1443,1735,40,39,3328,2025-07-09,Video 3,Vlog,2024-11-22,725,148,23,2025-07-09,128,2025-04-14,Other,USA
39,3,1443,1735,40,39,3328,2025-07-09,Video 3,Vlog,2024-11-22,725,165,2,2025-07-09,784,2025-06-23,Female,India
39,3,1443,1735,40,39,3328,2025-07-09,Video 3,Vlog,2024-11-22,725,172,24,2025-07-09,283,2025-06-24,Male,Canada
40,8,6968,2818,920,879,6067,2025-07-09,Video 8,Music,2024-11-20,519,35,91,2025-07-09,43,2025-04-23,Other,India
40,8,6968,2818,920,879,6067,2025-07-09,Video 8,Music,2024-11-20,519,37,56,2025-07-09,305,2025-01-03,Female,Germany
40,8,6968,2818,920,879,6067,2025-07-09,Video 8,Music,2024-11-20,519,42,35,2025-07-09,474,2025-04-13,Female,USA
40,8,6968,2818,920,879,6067,2025-07-09,Video 8,Music,2024-11-20,519,53,32,2025-07-09,212,2025-06-14,Male,Germany
40,8,6968,2818,920,879,6067,2025-07-09,Video 8,Music,2024-11-20,519,58,97,2025-07-09,673,2025-06-23,Male,Canada
40,8,6968,2818,920,879,6067,2025-07-09,Video 8,Music,2024-11-20,519,64,44,2025-07-09,71,2025-03-03,Female,India
40,8,6968,2818,920,879,6067,2025-07-09,Video 8,Music,2024-11-20,519,83,31,2025-07-09,515,2025-02-15,Male,UK
40,8,6968,2818,920,879,6067,2025-07-09,Video 8,Music,2024-11-20,519,87,72,2025-07-09,50,2025-01-17,Male,Canada
40,8,6968,2818,920,879,6067,2025-07-09,Video 8,Music,2024-11-20,519,92,83,2025-07-09,266,2025-05-20,Female,USA
40,8,6968,2818,920,879,6067,2025-07-09,Video 8,Music,2024-11-20,519,100,52,2025-07-09,611,2025-03-29,Other,India
40,8,6968,2818,920,879,6067,2025-07-09,Video 8,Music,2024-11-20,519,128,69,2025-07-09,696,2024-10-14,Female,UK
40,8,6968,2818,920,879,6067,2025-07-09,Video 8,Music,2024-11-20,519,130,89,2025-07-09,888,2024-09-19,Female,USA
40,8,6968,2818,920,879,6067,2025-07-09,Video 8,Music,2024-11-20,519,171,44,2025-07-09,218,2025-03-03,Female,India
40,8,6968,2818,920,879,6067,2025-07-09,Video 8,Music,2024-11-20,519,175,62,2025-07-09,304,2025-01-06,Male,UK
40,8,6968,2818,920,879,6067,2025-07-09,Video 8,Music,2024-11-20,519,180,10,2025-07-09,39,2025-03-22,Female,Germany
41,6,9662,1677,366,481,7166,2025-07-09,Video 6,Tech,2025-01-29,489,8,32,2025-07-09,322,2025-06-14,Male,Germany
41,6,9662,1677,366,481,7166,2025-07-09,Video 6,Tech,2025-01-29,489,28,54,2025-07-09,12,2025-05-30,Male,Canada
41,6,9662,1677,366,481,7166,2025-07-09,Video 6,Tech,2025-01-29,489,59,60,2025-07-09,162,2024-07-27,Other,Germany
41,6,9662,1677,366,481,7166,2025-07-09,Video 6,Tech,2025-01-29,489,79,2,2025-07-09,422,2025-06-23,Female,India
41,6,9662,1677,366,481,7166,2025-07-09,Video 6,Tech,2025-01-29,489,138,76,2025-07-09,420,2024-11-17,Male,USA
41,6,9662,1677,366,481,7166,2025-07-09,Video 6,Tech,2025-01-29,489,152,69,2025-07-09,536,2024-10-14,Female,UK
41,6,9662,1677,366,481,7166,2025-07-09,Video 6,Tech,2025-01-29,489,189,11,2025-07-09,24,2025-06-10,Male,Canada
41,6,9662,1677,366,481,7166,2025-07-09,Video 6,Tech,2025-01-29,489,193,98,2025-07-09,240,2024-11-16,Other,USA
42,14,9360,2172,215,227,1246,2025-07-09,Video 14,Education,2024-08-13,885,6,89,2025-07-09,612,2024-09-19,Female,USA
42,14,9360,2172,215,227,1246,2025-07-09,Video 14,Education,2024-08-13,885,18,45,2025-07-09,226,2024-08-08,Other,India
42,14,9360,2172,215,227,1246,2025-07-09,Video 14,Education,2024-08-13,885,47,60,2025-07-09,816,2024-07-27,Other,Germany
42,14,9360,2172,215,227,1246,2025-07-09,Video 14,Education,2024-08-13,885,57,32,2025-07-09,240,2025-06-14,Male,Germany
42,14,9360,2172,215,227,1246,2025-07-09,Video 14,Education,2024-08-13,885,76,90,2025-07-09,715,2024-12-10,Other,India
42,14,9360,2172,215,227,1246,2025-07-09,Video 14,Education,2024-08-13,885,105,75,2025-07-09,285,2025-03-17,Female,India
42,14,9360,2172,215,227,1246,2025-07-09,Video 14,Education,2024-08-13,885,106,48,2025-07-09,600,2024-11-02,Male,USA
42,14,9360,2172,215,227,1246,2025-07-09,Video 14,Education,2024-08-13,885,110,45,2025-07-09,189,2024-08-08,Other,India
42,14,9360,2172,215,227,1246,2025-07-09,Video 14,Education,2024-08-13,885,113,71,2025-07-09,677,2025-03-29,Male,UK
42,14,9360,2172,215,227,1246,2025-07-09,Video 14,Education,2024-08-13,885,124,25,2025-07-09,366,2024-08-25,Other,India
42,14,9360,2172,215,227,1246,2025-07-09,Video 14,Education,2024-08-13,885,132,25,2025-07-09,347,2024-08-25,Other,India
42,14,9360,2172,215,227,1246,2025-07-09,Video 14,Education,2024-08-13,885,149,39,2025-07-09,801,2025-03-07,Male,Germany
42,14,9360,2172,215,227,1246,2025-07-09,Video 14,Education,2024-08-13,885,163,63,2025-07-09,380,2025-02-27,Other,Germany
43,16,8665,4150,698,204,5509,2025-07-09,Video 16,Tech,2025-03-01,774,27,2,2025-07-09,170,2025-06-23,Female,India
43,16,8665,4150,698,204,5509,2025-07-09,Video 16,Tech,2025-03-01,774,43,79,2025-07-09,82,2025-05-10,Female,UK
43,16,8665,4150,698,204,5509,2025-07-09,Video 16,Tech,2025-03-01,774,51,35,2025-07-09,687,2025-04-13,Female,USA
43,16,8665,4150,698,204,5509,2025-07-09,Video 16,Tech,2025-03-01,774,80,67,2025-07-09,288,2025-01-05,Male,Germany
43,16,8665,4150,698,204,5509,2025-07-09,Video 16,Tech,2025-03-01,774,86,63,2025-07-09,622,2025-02-27,Other,Germany
43,16,8665,4150,698,204,5509,2025-07-09,Video 16,Tech,2025-03-01,774,119,40,2025-07-09,660,2025-03-01,Female,India
43,16,8665,4150,698,204,5509,2025-07-09,Video 16,Tech,2025-03-01,774,129,98,2025-07-09,117,2024-11-16,Other,USA
43,16,8665,4150,698,204,5509,2025-07-09,Video 16,Tech,2025-03-01,774,133,28,2025-07-09,431,2024-08-15,Other,USA
43,16,8665,4150,698,204,5509,2025-07-09,Video 16,Tech,2025-03-01,774,166,74,2025-07-09,520,2024-07-17,Other,Canada
43,16,8665,4150,698,204,5509,2025-07-09,Video 16,Tech,2025-03-01,774,182,81,2025-07-09,633,2025-03-03,Female,Germany
44,16,5283,4012,255,836,5243,2025-07-09,Video 16,Tech,2025-03-01,774,27,2,2025-07-09,170,2025-06-23,Female,India
44,16,5283,4012,255,836,5243,2025-07-09,Video 16,Tech,2025-03-01,774,43,79,2025-07-09,82,2025-05-10,Female,UK
44,16,5283,4012,255,836,5243,2025-07-09,Video 16,Tech,2025-03-01,774,51,35,2025-07-09,687,2025-04-13,Female,USA
44,16,5283,4012,255,836,5243,2025-07-09,Video 16,Tech,2025-03-01,774,80,67,2025-07-09,288,2025-01-05,Male,Germany
44,16,5283,4012,255,836,5243,2025-07-09,Video 16,Tech,2025-03-01,774,86,63,2025-07-09,622,2025-02-27,Other,Germany
44,16,5283,4012,255,836,5243,2025-07-09,Video 16,Tech,2025-03-01,774,119,40,2025-07-09,660,2025-03-01,Female,India
44,16,5283,4012,255,836,5243,2025-07-09,Video 16,Tech,2025-03-01,774,129,98,2025-07-09,117,2024-11-16,Other,USA
44,16,5283,4012,255,836,5243,2025-07-09,Video 16,Tech,2025-03-01,774,133,28,2025-07-09,431,2024-08-15,Other,USA
44,16,5283,4012,255,836,5243,2025-07-09,Video 16,Tech,2025-03-01,774,166,74,2025-07-09,520,2024-07-17,Other,Canada
44,16,5283,4012,255,836,5243,2025-07-09,Video 16,Tech,2025-03-01,774,182,81,2025-07-09,633,2025-03-03,Female,Germany
45,7,4372,2067,682,940,2141,2025-07-09,Video 7,Education,2024-08-14,285,5,76,2025-07-09,890,2024-11-17,Male,USA
45,7,4372,2067,682,940,2141,2025-07-09,Video 7,Education,2024-08-14,285,17,6,2025-07-09,650,2024-10-22,Male,Germany
45,7,4372,2067,682,940,2141,2025-07-09,Video 7,Education,2024-08-14,285,25,83,2025-07-09,575,2025-05-20,Female,USA
45,7,4372,2067,682,940,2141,2025-07-09,Video 7,Education,2024-08-14,285,38,23,2025-07-09,733,2025-04-14,Other,USA
45,7,4372,2067,682,940,2141,2025-07-09,Video 7,Education,2024-08-14,285,49,94,2025-07-09,650,2024-12-03,Female,Germany
45,7,4372,2067,682,940,2141,2025-07-09,Video 7,Education,2024-08-14,285,103,40,2025-07-09,698,2025-03-01,Female,India
45,7,4372,2067,682,940,2141,2025-07-09,Video 7,Education,2024-08-14,285,112,96,2025-07-09,541,2025-03-03,Male,UK
45,7,4372,2067,682,940,2141,2025-07-09,Video 7,Education,2024-08-14,285,157,71,2025-07-09,565,2025-03-29,Male,UK
45,7,4372,2067,682,940,2141,2025-07-09,Video 7,Education,2024-08-14,285,176,15,2025-07-09,458,2025-03-14,Male,India
45,7,4372,2067,682,940,2141,2025-07-09,Video 7,Education,2024-08-14,285,185,20,2025-07-09,736,2025-04-20,Other,India
46,13,3446,426,105,471,5020,2025-07-09,Video 13,Education,2025-04-08,837,1,51,2025-07-09,399,2025-03-10,Male,Germany
46,13,3446,426,105,471,5020,2025-07-09,Video 13,Education,2025-04-08,837,7,81,2025-07-09,449,2025-03-03,Female,Germany
46,13,3446,426,105,471,5020,2025-07-09,Video 13,Education,2025-04-08,837,12,39,2025-07-09,634,2025-03-07,Male,Germany
46,13,3446,426,105,471,5020,2025-07-09,Video 13,Education,2025-04-08,837,50,76,2025-07-09,613,2024-11-17,Male,USA
46,13,3446,426,105,471,5020,2025-07-09,Video 13,Education,2025-04-08,837,52,42,2025-07-09,833,2025-06-08,Male,UK
46,13,3446,426,105,471,5020,2025-07-09,Video 13,Education,2025-04-08,837,101,89,2025-07-09,31,2024-09-19,Female,USA
46,13,3446,426,105,471,5020,2025-07-09,Video 13,Education,2025-04-08,837,114,43,2025-07-09,462,2025-05-15,Other,Canada
46,13,3446,426,105,471,5020,2025-07-09,Video 13,Education,2025-04-08,837,118,35,2025-07-09,456,2025-04-13,Female,USA
46,13,3446,426,105,471,5020,2025-07-09,Video 13,Education,2025-04-08,837,123,93,2025-07-09,491,2024-09-29,Other,India
46,13,3446,426,105,471,5020,2025-07-09,Video 13,Education,2025-04-08,837,135,62,2025-07-09,517,2025-01-06,Male,UK
46,13,3446,426,105,471,5020,2025-07-09,Video 13,Education,2025-04-08,837,137,93,2025-07-09,688,2024-09-29,Other,India
46,13,3446,426,105,471,5020,2025-07-09,Video 13,Education,2025-04-08,837,144,25,2025-07-09,100,2024-08-25,Other,India
46,13,3446,426,105,471,5020,2025-07-09,Video 13,Education,2025-04-08,837,155,6,2025-07-09,683,2024-10-22,Male,Germany
46,13,3446,426,105,471,5020,2025-07-09,Video 13,Education,2025-04-08,837,161,82,2025-07-09,202,2025-04-11,Male,Germany
46,13,3446,426,105,471,5020,2025-07-09,Video 13,Education,2025-04-08,837,200,67,2025-07-09,167,2025-01-05,Male,Germany
47,2,5247,766,362,358,8408,2025-07-09,Video 2,Education,2025-02-18,793,41,84,2025-07-09,890,2024-08-11,Male,Germany
47,2,5247,766,362,358,8408,2025-07-09,Video 2,Education,2025-02-18,793,62,86,2025-07-09,155,2025-02-22,Other,India
47,2,5247,766,362,358,8408,2025-07-09,Video 2,Education,2025-02-18,793,111,55,2025-07-09,491,2024-09-14,Male,India
47,2,5247,766,362,358,8408,2025-07-09,Video 2,Education,2025-02-18,793,153,17,2025-07-09,854,2024-10-17,Male,Germany
47,2,5247,766,362,358,8408,2025-07-09,Video 2,Education,2025-02-18,793,169,62,2025-07-09,788,2025-01-06,Male,UK
47,2,5247,766,362,358,8408,2025-07-09,Video 2,Education,2025-02-18,793,173,7,2025-07-09,572,2025-01-26,Female,India
48,6,4010,3479,798,312,5167,2025-07-09,Video 6,Tech,2025-01-29,489,8,32,2025-07-09,322,2025-06-14,Male,Germany
48,6,4010,3479,798,312,5167,2025-07-09,Video 6,Tech,2025-01-29,489,28,54,2025-07-09,12,2025-05-30,Male,Canada
48,6,4010,3479,798,312,5167,2025-07-09,Video 6,Tech,2025-01-29,489,59,60,2025-07-09,162,2024-07-27,Other,Germany
48,6,4010,3479,798,312,5167,2025-07-09,Video 6,Tech,2025-01-29,489,79,2,2025-07-09,422,2025-06-23,Female,India
48,6,4010,3479,798,312,5167,2025-07-09,Video 6,Tech,2025-01-29,489,138,76,2025-07-09,420,2024-11-17,Male,USA
48,6,4010,3479,798,312,5167,2025-07-09,Video 6,Tech,2025-01-29,489,152,69,2025-07-09,536,2024-10-14,Female,UK
48,6,4010,3479,798,312,5167,2025-07-09,Video 6,Tech,2025-01-29,489,189,11,2025-07-09,24,2025-06-10,Male,Canada
48,6,4010,3479,798,312,5167,2025-07-09,Video 6,Tech,2025-01-29,489,193,98,2025-07-09,240,2024-11-16,Other,USA
49,13,4451,2276,573,840,6791,2025-07-09,Video 13,Education,2025-04-08,837,1,51,2025-07-09,399,2025-03-10,Male,Germany
49,13,4451,2276,573,840,6791,2025-07-09,Video 13,Education,2025-04-08,837,7,81,2025-07-09,449,2025-03-03,Female,Germany
49,13,4451,2276,573,840,6791,2025-07-09,Video 13,Education,2025-04-08,837,12,39,2025-07-09,634,2025-03-07,Male,Germany
49,13,4451,2276,573,840,6791,2025-07-09,Video 13,Education,2025-04-08,837,50,76,2025-07-09,613,2024-11-17,Male,USA
49,13,4451,2276,573,840,6791,2025-07-09,Video 13,Education,2025-04-08,837,52,42,2025-07-09,833,2025-06-08,Male,UK
49,13,4451,2276,573,840,6791,2025-07-09,Video 13,Education,2025-04-08,837,101,89,2025-07-09,31,2024-09-19,Female,USA
49,13,4451,2276,573,840,6791,2025-07-09,Video 13,Education,2025-04-08,837,114,43,2025-07-09,462,2025-05-15,Other,Canada
49,13,4451,2276,573,840,6791,2025-07-09,Video 13,Education,2025-04-08,837,118,35,2025-07-09,456,2025-04-13,Female,USA
49,13,4451,2276,573,840,6791,2025-07-09,Video 13,Education,2025-04-08,837,123,93,2025-07-09,491,2024-09-29,Other,India
49,13,4451,2276,573,840,6791,2025-07-09,Video 13,Education,2025-04-08,837,135,62,2025-07-09,517,2025-01-06,Male,UK
49,13,4451,2276,573,840,6791,2025-07-09,Video 13,Education,2025-04-08,837,137,93,2025-07-09,688,2024-09-29,Other,India
49,13,4451,2276,573,840,6791,2025-07-09,Video 13,Education,2025-04-08,837,144,25,2025-07-09,100,2024-08-25,Other,India
49,13,4451,2276,573,840,6791,2025-07-09,Video 13,Education,2025-04-08,837,155,6,2025-07-09,683,2024-10-22,Male,Germany
49,13,4451,2276,573,840,6791,2025-07-09,Video 13,Education,2025-04-08,837,161,82,2025-07-09,202,2025-04-11,Male,Germany
49,13,4451,2276,573,840,6791,2025-07-09,Video 13,Education,2025-04-08,837,200,67,2025-07-09,167,2025-01-05,Male,Germany
50,1,6584,371,905,814,5444,2025-07-09,Video 1,Education,2025-05-23,263,14,77,2025-07-09,111,2024-08-24,Other,USA
50,1,6584,371,905,814,5444,2025-07-09,Video 1,Education,2025-05-23,263,40,67,2025-07-09,729,2025-01-05,Male,Germany
50,1,6584,371,905,814,5444,2025-07-09,Video 1,Education,2025-05-23,263,55,36,2025-07-09,127,2025-03-11,Female,UK
50,1,6584,371,905,814,5444,2025-07-09,Video 1,Education,2025-05-23,263,116,90,2025-07-09,195,2024-12-10,Other,India
50,1,6584,371,905,814,5444,2025-07-09,Video 1,Education,2025-05-23,263,120,33,2025-07-09,843,2024-08-19,Male,Germany
50,1,6584,371,905,814,5444,2025-07-09,Video 1,Education,2025-05-23,263,134,95,2025-07-09,720,2024-10-21,Female,USA
50,1,6584,371,905,814,5444,2025-07-09,Video 1,Education,2025-05-23,263,143,13,2025-07-09,475,2025-02-17,Female,UK
50,1,6584,371,905,814,5444,2025-07-09,Video 1,Education,2025-05-23,263,147,47,2025-07-09,341,2025-05-01,Other,UK
50,1,6584,371,905,814,5444,2025-07-09,Video 1,Education,2025-05-23,263,167,37,2025-07-09,650,2025-07-08,Other,USA
50,1,6584,371,905,814,5444,2025-07-09,Video 1,Education,2025-05-23,263,174,33,2025-07-09,144,2024-08-19,Male,Germany
50,1,6584,371,905,814,5444,2025-07-09,Video 1,Education,2025-05-23,263,177,9,2025-07-09,725,2024-08-24,Other,Canada
50,1,6584,371,905,814,5444,2025-07-09,Video 1,Education,2025-05-23,263,197,80,2025-07-09,130,2025-01-09,Other,India
